"-75.69645,45.440234"
"-75.692461,45.427665"
"-75.232358,43.102832"
"-92.584435,40.191366"
"-117.689568,34.096762"
"-117.689492,34.096607"
"-87.910734,42.88799"
"-82.197638,42.889018"
"-3.158202,56.110858"
"-115.191361,36.237255"
"-86.415525,39.744714"
"6.538551,53.232792"
"-115.164742,36.231492"
"-112.074036,33.479497"
"-115.167167,36.228108"
"-81.787728,26.491861"
"-2.452584,50.614388"
"151.224425,-33.913235"
"5.928457,51.528782"
"-159.340607,21.962584"
"-92.579604,40.189732"
"5.964058,51.525547"
"6.517474,51.296534"
"6.03504,51.569601"
"-92.58018,40.183002"
"5.975656,51.527556"
"-1.945138,52.443089"
"-1.94797,52.443089"
"-1.945481,52.446803"
"-92.09807,46.787243"
"-92.101784,46.784098"
"2.759569,41.988776"
"-81.568457,41.041246"
"-81.573942,41.04122"
"151.014698,-33.96374"
"-43.347128,-22.861578"
"-43.350608,-22.863068"
"-43.355496,-22.8626"
"-101.22822,33.048265"
"-76.786784,39.184826"
"-83.703669,43.010819"
"-80.733974,35.382853"
"-71.908334,41.917803"
"-82.758422,42.812521"
"-82.754801,42.814595"
"-82.762928,42.808519"
"-88.112841,41.710414"
"-88.111371,41.710686"
"-73.847319,40.698914"
"-117.921174,34.08668"
"-113.7957,36.929929"
"-79.742503,43.747072"
"-79.733534,43.746034"
"-79.745765,43.744359"
"-79.50296,43.773209"
"-79.495954,43.768584"
"-79.494195,43.775184"
"-79.494882,43.777648"
"-79.700618,43.747537"
"-75.752884,45.443757"
"-75.751666,45.443772"
"-95.452824,29.059396"
"-93.756509,32.48171"
"-93.746767,32.481782"
"-75.731936,45.441502"
"-97.23218,32.857982"
"-88.490195,43.094246"
"-97.232571,32.710209"
"-95.790836,29.744584"
"-95.788003,29.740961"
"-84.606292,39.162735"
"153.179895,-27.939583"
"-84.612612,39.15677"
"-84.612021,39.154707"
"-91.086555,30.397096"
"-121.984455,37.358217"
"-121.431949,38.464321"
"-121.987885,37.359814"
"-121.98914,37.35989"
"-121.989274,37.359502"
"-91.086625,30.387936"
"-91.088011,30.389322"
"-90.207818,29.918898"
"-118.309858,33.779239"
"24.245067,56.989446"
"24.240206,56.988254"
"-118.313263,33.776838"
"-84.516331,39.12763"
"-79.511254,43.684206"
"-84.511669,39.128206"
"-96.056471,41.129377"
"-84.512731,39.130589"
"-79.509902,43.684462"
"-84.519732,39.134979"
"24.234686,56.992497"
"-79.51665,43.686487"
"-75.015835,40.056871"
"-106.414577,31.670568"
"-80.308235,25.941973"
"-106.426277,31.687386"
"-91.080501,30.394736"
"-106.43206,31.743122"
"145.244451,-37.925818"
"145.233164,-37.929152"
"145.23752,-37.919708"
"145.240481,-37.919894"
"-79.399803,43.856053"
"-73.853188,40.841014"
"-73.854314,40.841087"
"-84.691704,39.020105"
"-86.783907,36.165332"
"-86.778027,36.166345"
"-86.775845,36.164916"
"-91.059,30.395523"
"144.277255,-36.758793"
"144.277658,-36.759188"
"144.279153,-36.758577"
"144.277694,-36.758751"
"-81.745617,41.38048"
"138.628482,-34.910455"
"-82.783173,27.913392"
"-82.611592,27.908841"
"-85.136254,41.348275"
"-79.070626,38.149275"
"-87.731881,30.242941"
"-90.057646,36.22906"
"-90.059502,36.229198"
"-75.281711,39.89216"
"-77.630382,38.804818"
"-77.626318,38.806791"
"-77.626868,38.826751"
"153.043231,-27.477279"
"151.588843,-33.05045"
"-77.632511,38.810746"
"151.593257,-33.042808"
"151.599687,-33.041258"
"-89.863594,38.532794"
"-89.86921,38.535662"
"-79.846826,41.254972"
"149.980719,-32.856338"
"-82.014512,33.471309"
"149.980709,-32.85611"
"-82.008453,33.469346"
"-82.014173,33.470645"
"-82.02067,33.473509"
"-82.010912,33.473535"
"-121.93939,37.344111"
"146.412754,-38.242895"
"146.413186,-38.246986"
"146.400515,-38.234843"
"146.405772,-38.238184"
"146.420253,-38.313463"
"-117.21203,32.8695"
"146.529717,-38.207247"
"146.530897,-38.210897"
"-86.387708,39.698206"
"146.530516,-38.201179"
"146.537938,-38.195032"
"138.544943,-35.016771"
"-80.678626,35.303848"
"37.833687,55.920621"
"37.831984,55.917053"
"37.829801,55.919656"
"-123.13697,49.162558"
"37.844475,55.914087"
"-123.138306,49.162565"
"37.851476,55.916102"
"37.853788,55.9221"
"37.872566,55.916214"
"-111.401367,37.387618"
"-79.229804,43.867324"
"-106.189234,46.16674"
"-119.07304,35.403832"
"-89.066972,42.299885"
"-117.705985,34.036751"
"-121.516093,36.57113"
"-89.07894,42.294421"
"-119.08358,35.396963"
"-119.09018,35.406798"
"-119.062016,35.409712"
"151.009224,-34.036222"
"-112.261844,33.604947"
"-77.023988,38.935528"
"-118.554588,34.437655"
"-118.554352,34.437867"
"-77.028472,38.928701"
"-77.036181,38.931372"
"153.188614,-27.646051"
"-77.026112,38.926698"
"153.18753,-27.64257"
"-76.997391,38.936304"
"151.009349,-34.031735"
"-121.883066,37.341928"
"-121.881251,37.335832"
"-104.807038,39.771784"
"-87.555971,37.86508"
"-122.324337,47.613705"
"-115.206553,35.994982"
"22.948422,40.626461"
"-115.202959,35.990199"
"-96.626548,33.653432"
"-122.333122,47.612219"
"-87.652037,37.796984"
"-115.150677,36.028781"
"-115.175246,36.011035"
"-79.79118,43.202658"
"-122.349619,47.648202"
"-109.966301,27.495497"
"-121.436691,38.568703"
"-81.516731,28.564132"
"-97.133324,32.664605"
"145.125143,-37.785951"
"144.995863,-37.842639"
"-78.822149,35.831455"
"-121.416392,38.579423"
"-81.529675,28.551604"
"-97.133753,32.662022"
"145.00244,-37.844808"
"-121.412766,38.573218"
"22.941143,40.632234"
"-75.930934,43.982532"
"-109.967795,27.498994"
"-1.836793,52.536935"
"-122.359382,47.646815"
"-122.353792,47.643381"
"-1.832807,52.535386"
"-77.264335,45.891621"
"-117.084753,32.710929"
"-89.325526,43.116969"
"-122.625233,45.360321"
"-122.61639,45.364146"
"-81.768193,28.048292"
"-73.173966,44.447277"
"153.403591,-27.940503"
"153.403758,-27.940427"
"-81.350809,28.359956"
"-117.558163,34.121211"
"-117.985174,33.795838"
"-117.992866,33.801407"
"-117.99303,33.802691"
"-117.565483,34.118022"
"-117.984566,33.805439"
"174.735981,-36.738214"
"-77.247368,38.787209"
"-77.240097,38.786296"
"-77.235106,38.780966"
"-77.232855,38.779661"
"-77.234857,38.780207"
"-77.240402,38.792109"
"-77.238673,38.772313"
"-77.230982,38.768747"
"-77.224444,38.781796"
"-117.560808,34.123427"
"-77.241759,38.804814"
"-77.248274,38.812685"
"-117.561666,34.123369"
"-77.254817,38.808579"
"-77.253898,38.809729"
"-77.265279,38.802945"
"-77.249701,38.820575"
"-77.248059,38.82164"
"-77.229019,38.773527"
"-79.838934,43.222925"
"-89.61653,40.759286"
"21.916394,47.050489"
"26.561948,55.881209"
"26.558611,55.881149"
"-98.257781,41.221939"
"26.553172,55.886471"
"-98.257781,41.221939"
"-98.258575,41.222052"
"-122.782956,45.464397"
"26.549739,55.892346"
"26.549444,55.877426"
"4.606748,52.35972"
"-117.975412,33.822059"
"150.854666,-34.599938"
"-2.070858,53.437266"
"-80.6385,28.05011"
"150.855787,-34.599589"
"150.848626,-34.596847"
"-121.539624,37.781875"
"-2.071803,53.437477"
"-74.127122,40.106847"
"-2.06463,53.439369"
"-2.061026,53.439228"
"-2.05586,53.438391"
"-117.975519,33.824216"
"16.483894,38.924862"
"-118.928753,35.368742"
"8.627486,50.081661"
"-75.749477,39.690949"
"16.493429,38.927466"
"16.514044,38.913276"
"26.542658,55.871001"
"-80.438526,25.695805"
"-117.974989,33.824107"
"-123.184333,49.260943"
"-79.390258,43.665683"
"26.527562,55.869334"
"-123.166051,49.257974"
"-73.82202,40.744371"
"-73.825405,40.742912"
"153.030496,-27.475836"
"-80.336666,25.755411"
"-83.65088,41.373679"
"151.953764,-27.582516"
"-106.682932,35.313234"
"-106.730134,35.317708"
"-106.619348,35.080769"
"9.959231,53.572905"
"-117.909546,33.986601"
"-117.909493,33.986479"
"-95.81062,29.778351"
"-95.809456,29.774622"
"-117.908648,33.98137"
"-117.909281,33.975649"
"-95.808801,29.774282"
"-75.533425,40.133585"
"-122.487854,37.775954"
"-113.536062,53.575066"
"-83.128631,42.600996"
"-83.128513,42.601517"
"-83.129559,42.600753"
"-78.315921,35.513941"
"-121.259834,44.054699"
"-86.572695,34.891035"
"-119.760539,39.1929"
"-118.626298,34.495039"
"-121.263109,44.051663"
"-119.774758,39.198399"
"-123.129315,49.170267"
"-119.782476,39.520016"
"-119.782198,39.527"
"14.360966,48.255734"
"148.600581,-32.250464"
"7.107425,50.737691"
"-121.937878,37.347494"
"-122.037034,37.556996"
"-122.036884,37.552454"
"-82.885977,39.962478"
"-122.027764,37.539541"
"146.758021,-19.316646"
"-121.983132,37.54553"
"146.762672,-19.310106"
"-121.958714,37.533092"
"-97.737518,30.414404"
"144.987356,-37.778932"
"144.988364,-37.778296"
"144.990295,-37.777813"
"-95.352493,32.201758"
"-117.092594,33.611798"
"-95.353067,32.202071"
"-93.22552,45.191863"
"-77.589934,39.755942"
"150.896369,-33.856999"
"-93.236278,33.290593"
"7.572021,49.413957"
"7.087126,50.754782"
"7.566356,49.416058"
"-117.904501,33.662487"
"11.644424,52.157308"
"-89.05564,42.333143"
"-92.52739,32.989379"
"-89.054065,42.337496"
"145.126197,-38.015294"
"12.17371,55.467531"
"145.11855,-38.018921"
"8.911117,49.334853"
"4.159656,51.758296"
"-83.105301,40.090202"
"145.856112,-38.13643"
"174.732517,-36.882659"
"-80.083251,42.090038"
"144.714701,-37.867252"
"-83.10616,40.098569"
"73.782973,18.578943"
"-122.355026,49.05142"
"-104.763536,39.008799"
"-122.36016,49.052337"
"-117.881961,33.59549"
"7.740169,48.820379"
"-117.996168,33.803062"
"115.819942,-31.911562"
"-122.312561,47.614474"
"-114.005529,50.945041"
"-86.769553,37.951514"
"16.957236,49.974558"
"-86.769883,37.949241"
"73.783278,18.579377"
"-72.711253,41.800667"
"13.082092,52.394884"
"176.94549,-39.603828"
"-117.170563,34.03992"
"16.958374,49.974054"
"-117.1717,34.041281"
"-122.336154,47.705863"
"5.479426,43.335854"
"-117.169393,34.038702"
"-117.173138,34.037547"
"-117.172751,34.037476"
"151.289184,-33.739923"
"152.996812,-27.483228"
"-117.172226,34.03888"
"-87.65558,41.831242"
"-117.171601,34.038189"
"-117.171477,34.038029"
"8.595825,47.408327"
"-117.171866,34.038113"
"-117.173409,34.037682"
"-112.190108,33.570801"
"151.187362,-33.925286"
"-104.909005,39.594627"
"-111.674924,40.258644"
"151.186949,-33.924124"
"-96.746381,43.487601"
"-112.186804,33.566823"
"151.190216,-33.92497"
"-96.761124,43.496307"
"-122.447895,37.623783"
"-94.986436,33.170682"
"151.185608,-33.932452"
"-96.699719,43.499337"
"-122.001833,47.545112"
"-96.573058,43.591591"
"-96.577147,43.594377"
"4.41152,51.230793"
"145.057088,-37.901238"
"4.413709,51.227494"
"-117.949133,33.694771"
"-117.307613,33.114603"
"5.575004,52.021491"
"-117.652582,33.679109"
"13.574982,58.388274"
"-119.126417,35.326984"
"-112.789271,46.181643"
"-121.773942,37.313878"
"-112.790344,46.180952"
"-121.764607,37.301581"
"-122.250362,47.783196"
"127.771588,26.335311"
"-119.143048,35.325569"
"10.751892,59.911277"
"-78.838786,43.947516"
"142.184093,-34.197818"
"115.716408,-33.318363"
"-122.244878,47.770148"
"-76.097143,38.583167"
"-112.139453,33.546361"
"127.780179,26.340767"
"127.774935,26.339521"
"-120.626402,35.141176"
"-117.608932,33.867316"
"174.779729,-36.91509"
"-117.252026,33.170791"
"16.959543,51.127846"
"174.721059,-36.921327"
"-95.525286,29.890104"
"16.957477,51.131684"
"-111.616759,35.20465"
"-112.077649,33.481178"
"-112.07576,33.481599"
"-2.131415,52.60215"
"-112.075954,33.482981"
"-112.074854,33.483894"
"-112.070074,33.483626"
"174.815784,-41.177782"
"-123.52206,48.432824"
"-111.616797,35.202809"
"-112.081168,33.481541"
"5.725363,45.198754"
"-122.816248,38.547121"
"18.298888,59.479708"
"-117.68832,33.659686"
"-117.687192,33.656313"
"-122.767057,45.403998"
"171.040786,-44.738297"
"151.427508,-33.324139"
"-117.315271,33.895134"
"-83.445218,42.359505"
"-78.017328,33.918866"
"-97.851419,30.473218"
"144.334267,-38.24125"
"-117.312344,33.895284"
"-83.445663,42.370122"
"10.768908,59.905226"
"-117.316059,33.901292"
"151.74551,-32.902371"
"151.746268,-32.900908"
"-111.986833,43.485871"
"-117.316963,33.888622"
"6.313772,52.851959"
"6.460835,52.817403"
"-121.909196,37.44956"
"-82.301111,34.78076"
"-0.281814,51.556422"
"-111.59234,33.328204"
"-111.593907,33.320578"
"151.035737,-33.90621"
"151.036563,-33.906593"
"-1.449637,46.649606"
"-79.503583,43.857794"
"177.99764,-38.650264"
"178.009573,-38.656123"
"-115.118045,36.130228"
"-81.928458,26.493702"
"-81.920383,26.538178"
"-81.913272,26.521046"
"-120.577994,38.762796"
"115.753416,-32.350977"
"121.026136,14.6105"
"-118.234481,34.221312"
"149.719942,-34.752632"
"153.445565,-28.129895"
"23.754162,37.987188"
"23.732435,37.99408"
"23.73276,37.989023"
"-122.163468,47.504421"
"153.449548,-28.128399"
"-80.088658,40.480022"
"-117.691948,33.54186"
"9.799762,53.463883"
"9.800341,53.462344"
"-80.993105,29.19719"
"115.980874,-32.004555"
"-80.988969,29.189709"
"-77.16696,39.379816"
"-76.316958,36.946273"
"9.79907,53.457783"
"-76.316952,36.946231"
"-77.164627,39.379845"
"3.127214,45.760417"
"-111.929473,40.588089"
"151.279394,-33.771433"
"-77.155915,39.379252"
"3.073487,45.788888"
"-76.31643,36.923005"
"20.434329,44.794368"
"-82.992911,42.609414"
"2.102147,48.718899"
"20.429184,44.794308"
"-77.159804,39.371792"
"150.876565,-33.872705"
"2.298271,49.046768"
"-72.603082,46.330457"
"151.279464,-33.765743"
"-122.317207,47.664773"
"-122.50917,45.674811"
"-122.123594,37.437998"
"0.578792,43.429582"
"-2.370268,53.301935"
"0.578716,43.429338"
"-81.650648,36.219799"
"5.023691,47.322183"
"-81.768177,28.039595"
"-122.12323,37.437214"
"0.577796,43.429685"
"0.578878,43.428997"
"0.578901,43.429366"
"151.269867,-33.766069"
"-122.119152,37.442078"
"144.331003,-38.126147"
"-2.37678,53.304647"
"-81.768075,28.041607"
"-81.651163,36.21999"
"-2.374077,53.306916"
"144.330592,-38.125419"
"144.330552,-38.125009"
"144.92604,-37.799459"
"-81.657686,36.219721"
"144.3317,-38.130042"
"-81.641539,36.222482"
"5.024368,47.322338"
"144.92486,-37.799476"
"-81.616648,36.228506"
"144.328889,-38.129527"
"-117.985423,33.924582"
"144.928653,-37.795135"
"144.928336,-37.794737"
"-98.700685,35.531235"
"-81.585087,28.565948"
"144.927526,-37.794063"
"-81.590786,28.56396"
"-81.588217,28.564386"
"-81.582983,28.570766"
"-0.113353,50.845683"
"-81.581769,28.57258"
"20.426191,44.79232"
"144.927733,-37.799171"
"5.876779,43.083026"
"-87.523066,33.19133"
"144.926598,-37.796316"
"-81.659639,36.222604"
"144.930589,-37.793923"
"144.930052,-37.79338"
"1.971842,43.95514"
"-122.509017,45.674834"
"144.929956,-37.793152"
"5.867799,43.08397"
"144.932722,-37.794779"
"2.78898,50.453554"
"173.282686,-41.283039"
"-122.511653,45.672384"
"144.93605,-37.794902"
"-122.512816,45.672569"
"-111.916435,40.701143"
"1.971724,43.955178"
"5.88195,43.08241"
"144.93546,-37.791422"
"10.225697,53.671214"
"5.844456,43.093697"
"10.224516,53.672244"
"2.792657,50.45761"
"-81.573058,28.590462"
"-120.566511,38.086089"
"10.220246,53.664591"
"115.768304,-32.354987"
"-87.525394,33.192946"
"5.851491,43.088934"
"10.227821,53.671646"
"-81.597208,36.22443"
"5.839689,43.094156"
"10.225675,53.670121"
"-99.44939,27.48446"
"-96.868559,32.758371"
"8.167874,53.138575"
"-81.579886,28.57693"
"-81.582224,28.578388"
"-80.318556,43.378478"
"-81.588448,28.565604"
"24.9336,60.167849"
"145.181826,-37.838238"
"-81.586568,28.56483"
"7.794072,48.821332"
"151.195814,-33.916218"
"-117.918951,33.807755"
"2.077722,48.768357"
"-116.99803,33.734802"
"72.914136,19.077368"
"-117.81478,33.788615"
"-117.806389,33.784722"
"-111.927507,40.699213"
"-81.464583,41.433996"
"72.908857,19.076294"
"151.255013,-33.893128"
"-81.465281,41.434402"
"-81.464648,41.433819"
"-81.466831,41.434945"
"72.911019,19.078332"
"-81.467925,41.43478"
"-81.46844,41.434957"
"-87.930108,41.883882"
"4.289298,51.304299"
"-87.930204,41.887654"
"145.062464,-37.889856"
"10.023265,53.547218"
"10.024552,53.55154"
"-87.937907,41.884547"
"-82.913561,42.504653"
"-111.787584,33.42066"
"41.547031,40.297751"
"-96.978325,37.691878"
"41.5473,40.297268"
"-87.938787,41.884777"
"-87.939763,41.884807"
"-87.936885,41.883806"
"-115.115089,36.130111"
"7.734986,48.819312"
"115.759866,-32.342345"
"35.124423,32.811448"
"-120.690739,35.257854"
"151.270366,-33.769864"
"145.07162,-37.800468"
"145.074838,-37.801112"
"-82.140602,33.415261"
"-87.939629,41.883459"
"-122.508287,45.674163"
"-122.50917,45.674811"
"14.38573,42.224382"
"14.962346,46.139372"
"-91.599026,42.043349"
"-91.598747,42.043166"
"-158.212525,21.462161"
"-91.59497,42.04209"
"-96.975728,37.69507"
"-91.59452,42.046496"
"4.80404,52.470822"
"-96.973411,37.695876"
"-118.012297,33.746995"
"-96.753623,43.489133"
"-118.008968,33.770583"
"-87.59496,37.840309"
"176.165085,-37.700596"
"-117.965484,33.643527"
"-87.93965,41.882932"
"27.118614,38.40432"
"-122.508892,45.671617"
"27.118614,38.40432"
"-2.562462,42.429479"
"4.444941,52.242086"
"-87.938854,41.881176"
"<LineString><coordinates>-122.507654,45.674613 -122.508588,45.674178 -122.509092,45.674905</coordinates></LineString>"
"115.700551,-31.636667"
"-3.220786,51.64621"
"-104.805601,41.093535"
"-87.938382,41.880416"
"-0.547085,51.500495"
"-117.064819,32.773419"
"-86.864326,39.643821"
"144.830457,-37.781849"
"-118.561669,34.193124"
"-28.624733,38.531705"
"-118.168333,33.833056"
"2.980191,50.643618"
"7.473788,51.457238"
"146.931041,-36.066478"
"-28.625929,38.533211"
"0.67261,51.244775"
"-118.555521,34.187599"
"-122.798309,45.393662"
"-1.5231,53.792704"
"5.865632,51.819472"
"-1.52304,53.792871"
"-1.523045,53.793004"
"-1.522885,53.792833"
"5.862976,51.820504"
"-8.997419,53.722042"
"-1.523288,53.792454"
"-1.52363,53.792758"
"-86.863049,39.642987"
"5.817191,51.809401"
"-2.562328,42.429661"
"-87.938164,41.879307"
"-113.522737,53.55595"
"-86.864594,39.652524"
"-8.9967,53.720131"
"-111.796199,33.29449"
"98.085938,25.165173"
"-122.806762,45.398427"
"-118.235113,34.214007"
"145.014564,-37.771332"
"-111.790609,33.278108"
"39.706956,54.59818"
"145.005584,-37.767626"
"-8.994936,53.721466"
"145.003103,-37.768247"
"29.227833,40.997524"
"-111.899056,40.430387"
"29.228777,40.997338"
"29.227785,40.998917"
"0.683206,47.422186"
"145.00002,-37.763662"
"29.228718,40.99861"
"29.227688,40.997302"
"145.00089,-37.769672"
"29.22823,40.997982"
"152.974716,-27.15482"
"0.674863,51.242063"
"-122.409323,37.789911"
"-2.346278,50.751344"
"144.997778,-37.774565"
"29.036093,40.990848"
"10.567732,52.278674"
"145.005262,-37.772725"
"10.580907,52.274749"
"29.024291,40.992759"
"10.575993,52.280013"
"29.026008,40.991042"
"145.002408,-37.776214"
"-28.626412,38.537408"
"-4.244169,55.861932"
"145.015889,-37.77892"
"145.018008,-37.778975"
"29.02487,40.988888"
"-118.240206,34.216464"
"-28.627013,38.528184"
"174.927878,-41.205563"
"23.815699,38.000398"
"-117.722123,33.589519"
"-1.300265,51.806764"
"-1.308526,51.801676"
"-86.88602,39.635291"
"-2.44242,50.71104"
"-98.313598,29.502617"
"13.83632,46.595572"
"13.836642,46.595911"
"151.503509,-33.241921"
"-98.313256,29.502907"
"-123.355569,39.40974"
"-87.692898,41.820953"
"116.014456,-31.942112"
"-106.317043,31.703772"
"-4.246328,55.863058"
"145.02054,-37.938647"
"23.747098,37.892873"
"-86.806927,39.64162"
"34.170924,44.49825"
"-77.453763,37.5442"
"114.17078,22.317207"
"-86.851473,39.638323"
"26.142948,44.412727"
"2.36382,48.86751"
"138.573617,-35.092223"
"5.348315,60.372039"
"145.064743,-37.669758"
"15.921732,49.200467"
"-98.369898,40.934784"
"34.143083,44.484528"
"145.062983,-37.667414"
"-118.361249,33.821157"
"12.120152,55.257324"
"176.328421,-37.784003"
"-157.93079,21.647267"
"100.477182,13.802758"
"-94.981509,29.799993"
"145.089051,-37.650999"
"-113.43357,53.597342"
"-118.368384,33.813719"
"-157.927254,21.643104"
"-113.432934,53.596688"
"-118.368421,33.813714"
"39.707739,54.603743"
"176.325752,-37.783619"
"-74.0104,40.793453"
"146.355164,-41.195916"
"-157.927415,21.643747"
"146.355137,-41.19611"
"-157.921488,21.646509"
"2.376566,48.865368"
"15.861554,49.209635"
"176.322506,-37.782345"
"39.698458,54.597553"
"-157.923338,21.649097"
"176.32517,-37.785394"
"-157.91446,21.648476"
"-121.84163,37.39318"
"12.120983,55.25172"
"-117.71702,33.586602"
"176.328158,-37.786288"
"121.023679,14.424576"
"-121.841227,37.393908"
"-4.50367,55.834699"
"7.080522,43.617332"
"-121.840841,37.39436"
"-98.369902,40.934784"
"176.327096,-37.787077"
"-121.84082,37.393448"
"-121.841855,37.394552"
"-157.92855,21.651051"
"-117.714906,33.585585"
"-121.84546,37.396406"
"-4.497973,55.83055"
"2.375842,48.863321"
"12.119733,55.250228"
"145.059528,-37.670692"
"176.329022,-37.783999"
"7.085205,43.617176"
"-73.260773,40.734625"
"-73.260666,40.734356"
"7.075346,43.61812"
"138.571159,-34.9947"
"4.637297,52.38473"
"0.681761,47.421868"
"-99.174206,23.767633"
"7.078328,43.61626"
"26.046336,44.444853"
"0.949454,52.672833"
"-122.677594,47.096521"
"-81.559694,28.366523"
"26.046362,44.444854"
"39.782803,21.479787"
"-74.15853,40.371724"
"-83.08917,40.065284"
"7.080533,43.617608"
"-8.955687,53.671713"
"-93.17904,44.661144"
"-71.107324,42.430774"
"25.027902,60.314789"
"7.080517,43.620668"
"-77.727488,39.647107"
"151.237022,-33.925054"
"-77.728577,39.646068"
"150.720428,-33.580348"
"151.060376,-33.819029"
"0.258007,52.223692"
"153.042555,-27.483208"
"-80.2961,36.071307"
"171.04078,-44.73829"
"-117.286938,33.205933"
"153.39886,-28.007853"
"-2.433075,53.089694"
"150.24353,-31.872893"
"14.774391,50.873883"
"153.395104,-28.006839"
"150.695643,-33.725473"
"14.774176,50.877992"
"-81.714826,26.183669"
"144.791479,-37.875463"
"153.396134,-28.008838"
"151.152386,-33.73904"
"-117.290629,33.207831"
"7.123668,50.992748"
"9.189978,45.464442"
"1.967347,41.449401"
"7.473332,51.380112"
"1.97579,41.450527"
"150.873557,-34.43417"
"-7.336914,53.52462"
"-121.352604,38.40944"
"-0.306598,51.601016"
"-0.969385,45.940431"
"-121.349203,38.409373"
"1.971874,41.449514"
"151.050891,-33.738049"
"14.982873,51.169529"
"-119.885495,36.843499"
"17.008896,63.163811"
"-1.302341,50.929981"
"-1.306064,50.929088"
"-119.87946,36.837454"
"3.066258,51.092257"
"-119.876364,36.832912"
"106.828662,-6.300988"
"14.981028,51.167968"
"151.050071,-33.748184"
"23.888923,54.933097"
"151.047828,-33.744923"
"9.18824,45.460981"
"11.085379,49.425255"
"-75.696627,45.437074"
"-75.695956,45.438762"
"-112.073263,33.477277"
"-112.073195,33.480296"
"175.3322,-37.787382"
"-81.789554,26.492057"
"-73.747599,42.537812"
"-73.749804,42.528215"
"-92.580133,40.188657"
"-73.75497,42.527152"
"-73.754085,42.526677"
"-92.581661,40.186464"
"-73.757304,42.527456"
"-92.580832,40.186767"
"-73.900577,41.987834"
"-92.581288,40.189689"
"-92.581379,40.189385"
"-92.583713,40.187941"
"-92.583005,40.186482"
"153.497058,-28.190937"
"-92.581353,40.188222"
"-92.581798,40.187918"
"-92.583061,40.187953"
"-8.668213,40.617406"
"-92.582625,40.190329"
"-92.58093,40.18821"
"-92.581044,40.18858"
"-92.09807,46.787243"
"-81.567663,41.041362"
"-81.574908,41.040443"
"-81.575155,41.039853"
"-72.650181,41.676276"
"-112.342157,33.507139"
"-80.336454,25.757535"
"-3.043256,53.912706"
"-3.029582,53.919234"
"-3.024974,53.920339"
"-3.023901,53.918418"
"-3.022437,53.919227"
"-3.032956,53.918621"
"-3.018236,53.919783"
"-3.018236,53.919783"
"-3.017163,53.920263"
"-82.154359,33.575219"
"-82.172641,33.575217"
"-0.215682,52.599913"
"174.914679,-36.913581"
"-81.391407,30.255481"
"-70.928961,42.534911"
"-70.927629,42.526598"
"-74.29649,41.379822"
"-74.295497,41.378482"
"-74.111178,41.514611"
"-74.109926,41.519051"
"-74.114242,40.375468"
"-73.938675,41.238762"
"-73.940606,41.24616"
"-73.942988,41.244708"
"-73.848199,40.69821"
"-72.564394,42.452292"
"-78.383589,44.382559"
"-73.845077,40.699422"
"-90.087891,40.580585"
"-73.849288,40.698084"
"-95.186716,42.642641"
"-75.756156,45.444201"
"-84.474993,38.023112"
"-75.752417,45.44381"
"-75.73399,45.446426"
"-84.472289,38.015184"
"-75.750824,45.444271"
"-75.750647,45.442661"
"-97.23218,32.857983"
"-75.76056,45.448405"
"-97.23343,32.85855"
"-88.487454,43.100893"
"-75.762185,45.439971"
"-88.477439,43.092828"
"-84.606003,39.160672"
"153.179828,-27.93774"
"-84.607665,39.161246"
"153.180209,-27.938152"
"-84.606904,39.162078"
"-95.816874,29.771306"
"-84.608105,39.162095"
"-84.612998,39.158726"
"153.180399,-27.933849"
"153.185163,-27.928171"
"-84.61009,39.156213"
"153.185055,-27.924559"
"-95.808079,29.77315"
"-95.808514,29.775995"
"-95.808729,29.778146"
"-95.8104,29.778575"
"-95.810601,29.776545"
"-95.810088,29.77678"
"-95.810158,29.774701"
"-95.809922,29.773146"
"-84.605606,39.155464"
"-95.808844,29.772396"
"-95.781609,29.739787"
"-95.75587,29.73552"
"-121.437807,38.465602"
"-121.550972,37.775661"
"-90.216165,29.922004"
"-90.208944,29.916899"
"-75.011151,40.050133"
"-73.846128,40.698178"
"-75.008905,40.055347"
"-79.511865,43.684035"
"-75.019411,40.056869"
"-75.0214,40.05674"
"-73.848472,40.843232"
"-75.021244,40.056948"
"-79.51811,43.687744"
"-73.848129,40.843181"
"-79.519182,43.689784"
"-91.085667,30.397836"
"-106.412772,31.668778"
"-91.085114,30.398716"
"-91.084932,30.399507"
"-73.846141,40.844161"
"-106.409221,31.665304"
"-73.845286,40.844999"
"-91.089277,30.3927"
"-91.077239,30.410581"
"-73.850248,40.844569"
"-91.085517,30.386921"
"-91.087496,30.388651"
"-73.850988,40.842946"
"-91.087126,30.390192"
"-79.404974,43.859349"
"-73.852254,40.844041"
"-79.403216,43.863924"
"-79.39785,43.856224"
"-73.853005,40.843879"
"-79.3971,43.85447"
"-79.396883,43.855062"
"-73.852415,40.84271"
"-73.852158,40.842361"
"-73.177335,40.91198"
"-79.403885,43.666475"
"-79.403574,43.666548"
"-79.403542,43.666482"
"-91.080195,30.394556"
"-79.403665,43.666025"
"-91.080388,30.394278"
"-79.403096,43.667414"
"-79.403456,43.667359"
"-91.084953,30.396481"
"-118.310652,33.782826"
"-79.404545,43.667654"
"-79.403053,43.664822"
"-86.882656,21.140146"
"-79.402528,43.66417"
"-79.402345,43.663168"
"-79.402801,43.663005"
"-79.403493,43.662831"
"-79.401932,43.663234"
"-79.401632,43.662994"
"-79.402029,43.662842"
"-79.402238,43.662551"
"-79.402083,43.662132"
"-79.401895,43.662012"
"-117.580609,33.912253"
"-79.400484,43.664329"
"-79.401101,43.664135"
"-79.400264,43.663871"
"-79.403887,43.666475"
"-117.580447,33.912107"
"-117.588377,33.919586"
"11.825724,55.650741"
"-117.588223,33.922207"
"-96.676855,32.647433"
"-117.983063,33.897278"
"-117.987488,33.902109"
"-85.230236,35.021974"
"-95.399437,29.923101"
"24.234687,56.992497"
"-81.759559,41.380926"
"-114.338,48.409502"
"-79.432772,43.731135"
"-79.082082,43.079758"
"-81.756577,41.380655"
"-79.432418,43.730019"
"-79.629547,35.768649"
"-85.507985,35.894231"
"-79.43701,43.731275"
"-79.715987,44.359678"
"-79.709394,44.354883"
"-79.403887,43.666475"
"-113.524834,53.442963"
"-86.246431,41.656894"
"-113.526589,53.443701"
"-87.798195,41.991969"
"-79.081956,43.079689"
"-87.798882,41.991846"
"-87.799331,41.991447"
"-87.798356,41.99094"
"-85.13576,41.348279"
"-88.077264,42.988746"
"-118.308777,33.777092"
"-88.069344,42.988676"
"-88.067794,42.988593"
"-88.069073,42.987769"
"-88.085948,42.985938"
"-88.08725,42.98454"
"-88.089025,42.986056"
"-88.094846,42.982571"
"-88.091439,42.981001"
"-88.098744,42.982506"
"-88.101463,42.979256"
"-88.104669,42.97658"
"-88.10665,42.975435"
"-88.105994,42.974824"
"-88.109531,42.974715"
"-88.106725,42.979015"
"-88.108029,42.977079"
"-88.107591,42.979926"
"-88.106507,42.980331"
"-107.716162,11.741118"
"-88.085825,42.987468"
"-88.079389,42.99098"
"-88.049872,42.990581"
"-88.046846,42.989441"
"-88.046511,42.990871"
"-88.047642,42.990946"
"-88.049941,42.995881"
"-88.056402,42.997495"
"-88.049938,42.997604"
"-88.045551,42.997141"
"-88.049778,42.998475"
"-88.051366,43.003408"
"-88.045788,42.999647"
"-88.032701,43.002209"
"-88.031483,43.002119"
"-88.036411,43.003393"
"-88.030055,43.002833"
"-88.026716,43.00303"
"-88.023071,43.001495"
"-88.019117,43.003349"
"-88.026294,43.005207"
"-86.575685,34.686215"
"-88.112577,42.990887"
"-88.109004,42.994218"
"-88.1078,42.995133"
"-88.107716,42.995853"
"-72.30337,42.961613"
"-72.302688,42.961322"
"-75.291281,39.887811"
"-88.048713,42.987518"
"-88.048282,42.984578"
"-88.046121,42.981469"
"-88.046498,42.980459"
"-88.046887,42.979687"
"-88.047014,42.978919"
"-88.048794,42.977695"
"-88.048549,42.976219"
"-88.046815,42.976304"
"-88.046946,42.975227"
"-88.046985,42.968552"
"-88.049977,42.969862"
"-88.049021,42.968502"
"-88.048388,42.965287"
"-88.046216,42.961778"
"-88.045478,42.964586"
"-88.044269,42.960209"
"-88.047159,42.960656"
"-88.048711,42.958592"
"-88.057081,42.959679"
"-88.058376,42.958754"
"-88.060597,42.959486"
"-88.065975,42.958639"
"-88.069019,42.959275"
"-88.069654,42.963103"
"-88.068488,42.963561"
"-88.055916,42.972637"
"-88.040566,42.981731"
"-88.035374,42.987717"
"-77.619728,38.823485"
"-88.030014,42.985726"
"-88.028644,42.986195"
"-88.026445,42.987388"
"-88.026513,42.987781"
"-88.028153,42.988466"
"-88.027028,42.988513"
"-88.026144,42.988547"
"-88.016288,42.992795"
"-88.018098,42.995137"
"-88.026842,42.995102"
"-88.014141,42.996399"
"-88.015205,42.9955"
"-88.007975,42.995841"
"-88.008661,42.996125"
"-88.006909,42.997798"
"-87.999556,43.002606"
"-88.001854,43.003106"
"-88.007227,43.002987"
"-88.019206,43.006942"
"-88.018881,43.008171"
"-88.016724,43.011999"
"-88.005434,43.011718"
"-88.00815,43.011286"
"-87.999764,43.013759"
"-87.99747,43.015085"
"-87.993726,43.01428"
"-87.989108,43.014622"
"-87.987811,43.017105"
"-87.98634,43.017501"
"-87.981622,43.017803"
"-88.077682,43.004819"
"-88.09578,42.995107"
"-88.088784,42.996053"
"-88.087793,42.994612"
"-88.087779,42.995185"
"-88.088665,42.995144"
"-88.068408,42.995218"
"-122.812107,49.131026"
"-88.063914,43.00799"
"-88.062488,43.013739"
"-88.067931,42.975427"
"-122.811382,49.13044"
"-88.072453,42.974543"
"-88.065562,42.974482"
"-122.812101,49.130113"
"-88.086794,42.974321"
"-88.081694,42.973028"
"-88.094706,42.967741"
"-88.091759,42.964459"
"-88.088025,42.961873"
"-88.088567,42.956035"
"-88.0888,42.955522"
"-88.098922,42.956463"
"-88.105769,42.956267"
"-88.107007,42.956727"
"-88.108184,42.956719"
"-122.80127,49.134862"
"-88.107816,42.955735"
"-88.108127,42.955253"
"-88.106364,42.955424"
"-88.109573,42.955607"
"-88.107372,42.958501"
"-88.106361,42.958317"
"-88.105883,42.958346"
"-88.117919,42.975945"
"-88.113122,42.974023"
"-88.119758,42.975183"
"-97.087378,33.131693"
"-88.085802,42.990783"
"-88.04024,42.956927"
"-88.019744,42.967246"
"-88.019511,42.966824"
"-77.627131,38.807326"
"127.760746,26.298976"
"127.759174,26.298584"
"-77.629687,38.808539"
"-77.628831,38.808045"
"-77.607095,38.818612"
"-77.629968,38.806007"
"-77.606875,38.822257"
"-77.643583,38.814395"
"-98.345956,29.551494"
"-79.234976,43.861902"
"-84.68561,38.982364"
"-84.686383,38.982072"
"-97.816772,29.628384"
"-84.68844,38.982242"
"-79.229429,43.865491"
"-98.345784,29.551293"
"-79.228656,43.867417"
"-84.688569,38.982206"
"-84.688467,38.982005"
"-89.871843,38.540156"
"-84.68846,38.981498"
"-84.688581,38.98189"
"-84.687953,38.981606"
"-84.687696,38.981725"
"-97.356829,32.666631"
"-84.687229,38.981848"
"-97.356851,32.666567"
"-79.23224,43.859566"
"-84.688376,38.982295"
"-84.688443,38.981612"
"-84.68516,38.983131"
"-84.684253,38.983136"
"-84.683231,38.982256"
"-89.78979,33.724795"
"-121.939357,37.344115"
"-84.683422,38.981678"
"-84.68372,38.980807"
"-92.90333,44.929367"
"-124.979643,49.702203"
"-84.684371,38.980016"
"-84.682454,38.978778"
"-124.968442,49.714451"
"-90.253863,38.626346"
"-84.684129,38.975875"
"-93.204639,43.158925"
"-84.775452,38.996157"
"-82.782849,27.914117"
"-115.766923,49.498307"
"-98.340039,29.543901"
"-88.328506,42.175971"
"-79.433416,43.736864"
"-88.324162,42.170459"
"-98.345919,29.536807"
"-79.43303,43.7371"
"-88.327659,42.176032"
"-98.330598,29.541894"
"-79.434832,43.738569"
"-122.546081,38.106061"
"-88.328052,42.176504"
"-98.330147,29.54434"
"-79.435261,43.737267"
"-88.328378,42.175377"
"-98.353879,29.535416"
"-111.923765,41.121198"
"-88.328584,42.173506"
"-98.349094,29.53312"
"-111.921565,41.121158"
"-88.341689,42.178398"
"-98.365016,29.541185"
"-88.334482,42.170972"
"-79.434556,43.729396"
"-79.434846,43.729282"
"-98.338859,29.545105"
"-88.335103,42.175137"
"-82.785217,27.912998"
"-88.320822,42.176077"
"-88.327487,42.164825"
"-82.785287,27.913392"
"-88.326682,42.164918"
"-97.528768,35.49574"
"-97.522309,35.493023"
"-82.784627,27.9136"
"-97.530827,35.49284"
"-97.52424,35.489053"
"-97.526008,35.487968"
"141.463282,-31.959628"
"-82.785137,27.914311"
"-123.136772,49.163286"
"-89.437407,31.331301"
"-93.716281,49.023335"
"-117.179576,32.685912"
"-85.129591,35.049425"
"-85.124527,35.051948"
"-90.653086,38.607481"
"-76.874648,38.674044"
"-76.91493,38.685418"
"-108.413832,34.88729"
"-108.41377,34.887266"
"-108.413897,34.887277"
"-118.936618,35.371653"
"-0.083457,51.520984"
"-119.074054,35.401864"
"-119.073722,35.403101"
"-119.073593,35.403875"
"-119.072622,35.403701"
"-117.702952,34.040732"
"-119.073019,35.40287"
"-89.067106,42.298068"
"0.761801,51.532235"
"-117.70465,34.036698"
"0.758432,51.528744"
"-119.091744,35.400634"
"-121.516087,36.571579"
"-119.084405,35.393847"
"-121.518289,36.570816"
"-87.585078,43.261671"
"-121.51937,36.571568"
"-119.083937,35.39928"
"-119.083626,35.401235"
"-76.997145,38.789378"
"-121.518539,36.568277"
"-96.328125,59.888937"
"-122.409335,37.775879"
"-104.851765,39.390298"
"-77.387534,44.164771"
"-95.318971,30.022937"
"-77.396748,44.161071"
"-77.397131,44.161456"
"-122.146058,37.698217"
"-77.400414,44.160653"
"-112.066721,33.499855"
"-122.146473,37.694272"
"-93.452746,44.852684"
"153.1888,-27.645671"
"153.187373,-27.639902"
"-117.238457,32.997657"
"153.186706,-27.644752"
"-89.919314,34.882372"
"153.186836,-27.646545"
"153.18753,-27.64257"
"-117.238624,32.996089"
"-65.965519,18.391425"
"-117.238913,32.999122"
"-117.236953,32.996676"
"-66.074181,18.452255"
"-66.045384,18.403967"
"-112.23753,33.465692"
"-122.49243,45.80354"
"-79.795697,43.196045"
"-79.796394,43.197113"
"-79.525995,43.68277"
"-79.528141,43.68246"
"-89.871839,38.539816"
"-109.965408,27.492361"
"-122.349908,47.648231"
"-109.965819,27.49433"
"-122.351303,47.649077"
"-122.347999,47.647588"
"-122.348181,47.649258"
"-122.348052,47.648535"
"-89.865856,38.531948"
"-122.348707,47.64907"
"-122.349243,47.648629"
"-122.347569,47.648181"
"-122.354243,47.650645"
"-122.354597,47.650414"
"-122.354962,47.650812"
"-122.351571,47.650082"
"-122.351099,47.647393"
"-122.350874,47.646771"
"-122.350026,47.646779"
"-122.349651,47.647068"
"-122.35244,47.647089"
"-122.352011,47.647046"
"-109.970374,27.49218"
"-81.770478,28.048103"
"-94.174434,36.084487"
"-117.084005,32.710822"
"-89.322192,43.112237"
"-89.321932,43.115399"
"-94.173949,36.078763"
"151.59339,-32.750864"
"144.665394,-37.867942"
"144.659579,-37.866367"
"151.590257,-32.751626"
"-117.564654,34.11802"
"151.592311,-32.748527"
"-88.125426,42.410596"
"-117.558799,34.121677"
"-117.562079,34.123305"
"145.136784,-37.910181"
"-91.524037,29.88381"
"-117.558775,34.124657"
"-117.55877,34.124844"
"-117.560422,34.124333"
"-82.784471,27.914221"
"-117.560776,34.124098"
"-82.784284,27.915563"
"-77.049784,38.929616"
"-79.84756,43.223566"
"-79.836531,43.222769"
"-97.725926,30.230585"
"26.552909,55.878886"
"26.551123,55.87705"
"-80.638436,28.051246"
"26.551123,55.875997"
"-156.665913,20.996359"
"26.549932,55.875052"
"26.558928,55.880306"
"26.558579,55.881751"
"-156.666723,20.997072"
"26.562168,55.883177"
"-75.754842,39.682833"
"26.560999,55.882888"
"26.557324,55.88432"
"-122.453753,37.737081"
"150.865932,-34.579535"
"26.554186,55.887259"
"8.628098,50.079672"
"150.86561,-34.579712"
"-121.544387,37.779873"
"26.549492,55.891859"
"-75.753146,39.689249"
"8.628613,50.079589"
"26.550028,55.89367"
"8.628506,50.081462"
"-122.453742,37.738277"
"-74.128394,40.105608"
"-75.750115,39.690565"
"26.54666,55.878091"
"150.852327,-34.59131"
"26.545211,55.878657"
"26.544417,55.877339"
"26.546027,55.87711"
"26.546048,55.875503"
"-118.939804,35.366516"
"26.543881,55.873355"
"26.540694,55.870803"
"-75.748039,39.68728"
"26.542132,55.870038"
"-75.747777,39.687845"
"26.528721,55.867654"
"145.152515,-37.962792"
"26.529815,55.865348"
"26.526618,55.866462"
"145.143868,-37.958622"
"26.524531,55.86608"
"-73.821001,40.745902"
"26.527074,55.869499"
"26.529037,55.869939"
"26.528919,55.870616"
"-73.821677,40.746143"
"26.528066,55.871143"
"-123.172488,49.257274"
"26.529145,55.871826"
"-86.055683,39.643268"
"26.528308,55.872602"
"-123.166866,49.257442"
"26.529295,55.87303"
"-118.93003,35.375905"
"-80.732989,35.308804"
"26.537781,55.870724"
"-123.166609,49.261643"
"-73.817965,40.744091"
"-97.26774,32.968829"
"-73.814344,40.743164"
"-78.91706,35.809445"
"15.228947,46.063645"
"-115.321343,36.185312"
"151.953205,-27.581909"
"15.234253,46.063528"
"151.94897,-27.584964"
"-79.796748,43.388645"
"151.949048,-27.587931"
"-122.492076,37.777796"
"-122.49199,37.778877"
"-75.533667,40.132584"
"-122.487487,37.775956"
"-75.54697,40.140828"
"-117.957657,33.737795"
"-122.489877,37.775044"
"-93.202461,45.134199"
"-97.654664,30.6586"
"-93.204623,45.134299"
"-93.196056,45.133158"
"-76.64201,39.221293"
"145.072789,-37.974117"
"-119.760915,39.192917"
"-119.760105,39.191055"
"-119.763355,39.194453"
"-119.760921,39.198372"
"-121.259569,44.055611"
"-119.774628,39.198265"
"-119.765654,39.193005"
"-119.762505,39.190527"
"-123.129077,49.170353"
"14.360633,48.256284"
"4.808064,52.257756"
"14.360311,48.257756"
"14.363127,48.259302"
"14.361379,48.263116"
"14.361212,48.260795"
"4.778237,52.253947"
"147.09091,-19.628245"
"14.376984,48.264845"
"-82.881913,39.958621"
"14.362682,48.251469"
"4.154892,51.75814"
"-82.886221,39.959374"
"4.155546,51.758921"
"4.153554,51.758665"
"-123.272186,44.556553"
"144.989255,-37.777134"
"144.9883,-37.776244"
"4.153438,51.758148"
"144.987667,-37.775744"
"150.897088,-33.858905"
"-82.880237,39.964063"
"150.898429,-33.860776"
"150.897228,-33.860643"
"150.898429,-33.856945"
"-123.271869,44.555846"
"4.156357,51.758105"
"150.892968,-33.859859"
"145.16535,-37.844999"
"-123.272406,44.556014"
"145.163665,-37.850135"
"7.572225,49.415151"
"7.57193,49.411891"
"7.569784,49.412498"
"-87.813828,41.978244"
"-93.486877,43.804789"
"12.181606,55.46782"
"-93.485037,43.804766"
"7.568749,49.410631"
"-93.486933,43.801614"
"-93.486455,43.801589"
"-93.484785,43.803863"
"-93.481911,43.803516"
"-115.231621,36.217819"
"-157.858367,21.299408"
"4.506379,50.915377"
"-87.815883,41.976382"
"7.569752,49.410436"
"12.180385,55.468787"
"145.079205,-37.794237"
"-89.715911,39.771356"
"150.871832,-33.795875"
"4.50547,50.916182"
"-89.054097,42.335219"
"-157.859322,21.300168"
"-80.21221,26.694826"
"-87.807434,41.97479"
"12.178449,55.467344"
"-157.801378,21.30206"
"-89.05502,42.338463"
"12.177124,55.467406"
"-89.053886,42.338433"
"-79.075051,35.896308"
"-87.676358,42.060479"
"145.082638,-37.794695"
"4.151644,51.758756"
"145.085455,-37.790409"
"-69.99479,41.78645"
"-88.700218,42.088412"
"-79.07742,35.889709"
"4.1515,51.759307"
"8.910682,49.337746"
"145.125618,-37.785813"
"-157.967997,21.404944"
"-89.056439,42.328813"
"-118.810149,34.253785"
"-69.99305,41.786435"
"-81.981131,41.408935"
"-91.767841,37.949363"
"-122.354196,49.052742"
"-83.104584,40.090325"
"-83.104256,40.090483"
"-91.768453,37.947387"
"-70.000931,41.782975"
"-80.07441,42.088764"
"-83.107678,40.099166"
"144.714688,-37.867271"
"-91.768989,37.948523"
"13.075171,54.33421"
"-70.000303,41.78036"
"144.897654,-37.671053"
"141.687133,-37.598317"
"-91.768492,37.949092"
"-83.097786,40.095083"
"-69.998133,41.781208"
"-91.768172,37.950073"
"144.710651,-37.865692"
"141.691413,-37.598074"
"-82.412465,28.032866"
"-84.243164,30.807911"
"-91.767364,37.944997"
"-104.764482,38.891108"
"144.708123,-37.865209"
"-69.991187,41.788049"
"-91.768455,37.941486"
"141.692208,-37.598154"
"-93.005817,45.051878"
"-69.993153,41.788281"
"144.876578,-37.772317"
"-122.354484,49.052386"
"-104.725116,38.851277"
"-88.296422,41.91245"
"-91.770725,37.944972"
"144.875014,-37.770814"
"-87.433905,36.665335"
"-83.091281,40.11206"
"-117.899979,33.792418"
"-91.772742,37.946105"
"73.783262,18.578691"
"-117.993502,33.790702"
"-122.094852,47.995917"
"7.739042,48.82081"
"-117.993373,33.799309"
"-122.095259,47.99642"
"-117.992868,33.79938"
"-117.99335,33.800801"
"7.735952,48.821562"
"-122.10366,47.992363"
"-91.763338,37.947743"
"-122.102716,47.991501"
"-122.101128,47.992629"
"-117.994447,33.800894"
"-84.323963,30.461437"
"172.759683,-43.576839"
"-117.881981,33.595552"
"-117.994966,33.800738"
"7.741354,48.820202"
"7.740458,48.820584"
"-98.619493,29.589132"
"-93.00033,45.045556"
"7.741252,48.824006"
"-98.619161,29.587882"
"-117.989184,33.802553"
"-117.989063,33.803638"
"-83.752985,34.09481"
"-98.622149,29.589848"
"-83.758231,34.094268"
"-98.634648,29.587444"
"-142.235484,60.969291"
"-84.324535,30.461869"
"7.862343,48.905302"
"-117.995854,33.801949"
"-84.055109,33.479581"
"7.891595,48.899681"
"-84.055746,33.479559"
"-117.995869,33.802668"
"8.519144,50.129131"
"7.901852,48.898898"
"7.899996,48.89875"
"-117.890465,33.598953"
"-94.718574,39.14917"
"172.761083,-43.577468"
"-122.363105,49.053075"
"7.882454,48.93807"
"8.522134,50.130252"
"7.882267,48.937502"
"8.521003,50.128886"
"7.880078,48.937992"
"115.819824,-31.914485"
"115.819287,-31.914558"
"-84.015756,33.545472"
"115.818901,-31.914084"
"115.82139,-31.914622"
"-80.397928,27.544925"
"-122.313237,47.61443"
"-84.015241,33.546331"
"-84.016188,33.545158"
"115.823042,-31.914667"
"-83.967926,33.585174"
"-83.966618,33.585764"
"-122.313822,47.614814"
"-83.966231,33.58428"
"-103.070978,44.155117"
"-122.312957,47.615152"
"-83.972615,33.630656"
"-83.972154,33.631379"
"5.083129,52.758996"
"-90.602132,38.767398"
"149.218782,-21.076947"
"-122.313548,47.615358"
"-87.409154,36.581305"
"-122.312905,47.615754"
"-90.598791,38.766592"
"-90.598791,38.766592"
"-86.772605,37.947814"
"-122.304614,47.598475"
"-86.771393,37.944608"
"-112.009775,33.082701"
"-87.656052,41.83202"
"-86.768324,37.944803"
"-112.008383,33.081105"
"-86.769998,37.944887"
"-81.508169,40.809652"
"<Polygon><outerBoundaryIs><LinearRing><coordinates>176.952968,-39.611755 176.95168,-39.61235 176.953204,-39.614218 176.95447,-39.61364 176.952968,-39.611755</coordinates></LinearRing></outerBoundaryIs></Polygon>"
"-86.769606,37.952387"
"-112.015435,33.073461"
"-79.54647,43.864964"
"5.479817,43.335948"
"-95.484833,29.98253"
"-87.656039,41.831656"
"-87.656506,41.831664"
"-117.1717,34.041281"
"-86.769113,37.950974"
"-87.656535,41.832024"
"16.954286,49.975852"
"-86.76966,37.951122"
"16.951207,49.977659"
"-87.656731,41.830781"
"-79.542983,43.864861"
"-86.76951,37.951926"
"13.481523,52.514641"
"-86.76834,37.951901"
"152.991722,-27.486164"
"8.592274,47.410447"
"152.991043,-27.481095"
"-86.768775,37.950716"
"152.991311,-27.482076"
"-86.769623,37.94765"
"152.916454,-27.672982"
"-88.263023,41.735654"
"-90.598485,38.766499"
"-88.261059,41.738012"
"152.990949,-27.4809"
"13.481512,52.513381"
"-99.665018,49.182384"
"-86.748916,37.955568"
"13.477923,52.513678"
"8.595329,47.409975"
"-79.544331,43.862834"
"8.595627,47.409169"
"-74.455848,40.536483"
"8.594082,47.411656"
"-86.775105,37.953825"
"-74.454669,40.536576"
"-111.675064,40.258327"
"151.187367,-33.923238"
"151.186799,-33.92314"
"151.190184,-33.924026"
"151.186879,-33.925619"
"-74.456363,40.535341"
"-78.830024,35.887951"
"-112.983398,45.490946"
"-115.510254,43.468868"
"151.188183,-33.923745"
"-111.673904,40.259054"
"-111.672836,40.258409"
"151.187614,-33.921951"
"-77.108885,38.826555"
"4.411343,51.229082"
"151.189631,-33.926269"
"-96.748417,43.494678"
"-94.985256,33.171342"
"-97.526008,35.487968"
"-96.749129,43.486892"
"5.36341,52.152503"
"4.411284,51.230037"
"-77.109708,38.827938"
"4.410131,51.229795"
"150.516837,-34.07731"
"4.409165,51.229822"
"4.410093,51.230393"
"4.409203,51.230417"
"-96.575229,43.594957"
"-77.108054,38.832876"
"-122.448378,37.624446"
"-96.571687,43.58889"
"151.032566,-33.905811"
"-117.664604,33.64635"
"9.131586,56.306926"
"-117.949358,33.693566"
"9.199462,55.614208"
"151.032776,-33.907407"
"-117.9488,33.694334"
"151.429091,-33.327011"
"-117.949476,33.695129"
"151.430596,-33.326167"
"151.428273,-33.331043"
"-117.307012,33.115448"
"-122.247089,37.796672"
"150.972316,-33.776829"
"5.278931,53.258641"
"-6.673164,55.150775"
"4.963074,53.166534"
"171.045338,-44.73576"
"-86.169146,32.377035"
"171.044957,-44.735396"
"171.044657,-44.735664"
"5.254898,53.254534"
"171.04286,-44.736666"
"-97.853728,30.471398"
"171.040084,-44.738341"
"13.575384,58.379795"
"171.039357,-44.738509"
"-112.785494,46.181851"
"-97.846365,30.414836"
"-122.31872,47.313047"
"171.038713,-44.738667"
"115.716119,-33.323626"
"151.746059,-32.901372"
"151.746687,-32.900367"
"171.047307,-44.729982"
"151.745312,-32.903211"
"152.911634,-27.558135"
"-124.290744,42.044178"
"152.918594,-27.558646"
"-124.292976,42.049795"
"171.239047,-44.389708"
"171.239498,-44.390667"
"-115.279719,36.103323"
"115.716537,-33.316955"
"-86.169138,32.376999"
"115.866269,-32.171163"
"-86.17197,32.372205"
"127.780081,26.341534"
"127.775886,26.341094"
"151.283774,-33.745778"
"-79.499564,43.854574"
"115.860883,-32.171698"
"-117.644423,33.682729"
"151.015445,-33.963205"
"-117.650565,33.678894"
"150.302925,-33.877845"
"-117.651772,33.679667"
"-118.171692,33.826318"
"-117.983148,33.766278"
"-118.175318,33.824903"
"-118.180355,33.827997"
"151.009957,-34.036653"
"-81.281919,42.941443"
"-118.176698,33.826325"
"-84.812468,44.335705"
"151.008568,-34.039562"
"-84.801504,44.336289"
"-0.282308,51.555995"
"-82.299158,34.782236"
"-82.303456,34.783578"
"-115.118394,36.129673"
"-117.987622,33.678771"
"144.96519,-37.809809"
"174.708616,-36.911914"
"151.288027,-33.745485"
"150.605536,-34.187579"
"145.256805,-37.990024"
"-122.816559,38.542585"
"150.608547,-34.184085"
"151.289888,-33.744975"
"174.701279,-36.922813"
"178.001631,-38.648557"
"-1.449165,46.649149"
"174.700929,-36.922975"
"-79.491759,43.857523"
"-117.689321,33.658602"
"-86.542795,36.024399"
"-117.6889,33.658985"
"174.714444,-36.905594"
"-117.688516,33.659502"
"-122.824305,38.543466"
"-78.016931,33.917908"
"-78.016724,33.91781"
"-78.016943,33.917674"
"-78.016791,33.917482"
"-78.01728,33.917586"
"-78.017544,33.917486"
"-2.131227,52.602036"
"115.859102,-32.173388"
"-78.01777,33.917242"
"6.319825,52.85403"
"-78.017977,33.917008"
"-2.128494,52.602419"
"-78.018318,33.916987"
"-78.018546,33.916981"
"-2.127652,52.602052"
"151.282092,-33.741422"
"-2.127222,52.602251"
"-121.871265,36.971883"
"-122.816935,38.547612"
"-83.731023,41.639657"
"-83.722206,41.63609"
"6.459038,52.716235"
"-78.018971,33.916961"
"-117.641932,33.631142"
"-117.634223,33.629497"
"-117.636358,33.633761"
"-83.105618,39.979605"
"13.800882,46.078768"
"-81.049597,41.741907"
"15.234258,46.063545"
"-81.049125,41.798096"
"-170.670555,-50.190416"
"115.759654,-32.343941"
"174.744587,-36.896317"
"174.744785,-36.896343"
"115.760405,-32.343739"
"144.334002,-38.241561"
"174.748551,-36.895579"
"150.871537,-34.410764"
"-115.284691,36.016459"
"115.753871,-32.350459"
"-104.794829,39.11647"
"115.760098,-32.354104"
"-115.278189,36.020555"
"-82.765406,37.818887"
"-115.266999,36.020928"
"115.762475,-32.346307"
"115.764028,-32.344914"
"-118.140723,34.084391"
"150.87246,-34.410258"
"-118.14531,34.09111"
"150.872358,-34.410483"
"-76.462628,39.420835"
"121.025836,14.609914"
"-118.230363,34.217868"
"150.870692,-34.412332"
"-118.228121,34.217749"
"121.026528,14.609042"
"121.027735,14.608637"
"-122.544765,49.190834"
"-118.230372,34.221134"
"-118.230396,34.218904"
"121.027333,14.607526"
"-111.930417,40.58916"
"-118.240283,34.221092"
"-80.992525,29.195914"
"-77.165995,39.380104"
"-117.693816,33.540369"
"-80.992286,29.19649"
"-111.929902,40.589678"
"145.165701,-37.834666"
"-117.70005,33.556039"
"20.436314,44.794757"
"-111.931715,40.586948"
"145.17408,-37.83437"
"20.437161,44.794652"
"-117.696218,33.546374"
"151.276106,-33.769025"
"-80.990632,29.192603"
"-77.164584,39.379496"
"-81.767769,28.037372"
"-122.405017,37.723224"
"-122.315469,47.664748"
"-77.155939,39.379664"
"-122.315449,47.665104"
"-122.314417,47.664354"
"-77.156081,39.380108"
"151.274523,-33.764323"
"-77.155239,39.375887"
"-77.154582,39.376772"
"-77.155097,39.376266"
"-77.154871,39.37649"
"-77.152954,39.37846"
"145.17555,-37.828141"
"-122.314562,47.6665"
"-122.318516,47.664867"
"151.279539,-33.765154"
"-122.319481,47.664889"
"150.873659,-33.874734"
"-122.319589,47.664174"
"-118.143884,34.091297"
"-122.317033,47.66592"
"151.272469,-33.762666"
"151.271117,-33.76288"
"-122.317852,47.6652"
"151.269443,-33.765908"
"151.270366,-33.769863"
"-121.923065,36.607981"
"20.438502,44.792484"
"-121.919528,36.608652"
"2.349873,48.857289"
"-2.373041,53.301871"
"-121.920511,36.609163"
"13.340289,47.847488"
"-87.527744,33.193728"
"13.339154,47.847029"
"13.339214,47.848041"
"-2.372961,53.301457"
"13.343245,47.857432"
"-2.371808,53.301547"
"-81.768097,28.035982"
"-121.921683,36.608993"
"-2.369769,53.302063"
"-81.768035,28.035267"
"-2.371931,53.303361"
"-117.983755,33.923242"
"-0.115528,50.846868"
"-2.373615,53.301938"
"-117.982516,33.923104"
"-2.374023,53.302345"
"-2.373068,53.303211"
"-2.374179,53.303105"
"-2.374554,53.303525"
"24.935006,60.168244"
"-111.921206,40.700263"
"-2.375214,53.304246"
"4.836158,45.736092"
"-121.920918,36.605661"
"-2.376877,53.304977"
"24.935086,60.168994"
"-2.3753,53.305118"
"-118.133728,33.798577"
"4.580398,45.850486"
"-2.372725,53.30398"
"-2.373165,53.304361"
"-2.373573,53.304894"
"-80.334027,40.746916"
"-118.136228,33.798202"
"-80.333662,40.744512"
"-121.902537,37.446244"
"-2.374023,53.305416"
"-117.986037,33.930889"
"8.171752,53.137954"
"24.93345,60.169386"
"-117.980661,33.932027"
"-118.138583,33.799629"
"8.172412,53.138337"
"-2.36721,53.301044"
"8.174509,53.139016"
"-118.139725,33.799642"
"-95.782928,29.737551"
"-81.587409,28.565024"
"115.759592,-32.345724"
"-81.573654,28.589484"
"-117.97404,33.928397"
"4.310932,52.080653"
"-94.461383,36.422075"
"24.938379,60.169856"
"-117.015086,33.717557"
"4.311919,52.08097"
"-117.504229,33.979506"
"11.674696,45.220876"
"-117.504616,33.979204"
"-94.461388,36.41861"
"-117.000379,33.732364"
"-94.461393,36.413247"
"-118.133499,33.796368"
"-117.000528,33.732472"
"-78.811123,41.658781"
"-117.812872,33.787326"
"24.933686,60.168634"
"-93.334222,45.082779"
"151.254289,-33.892091"
"151.2535,-33.891837"
"1.50444,44.959697"
"-115.300312,36.060132"
"-115.26967,36.034039"
"151.251955,-33.892714"
"1.491356,44.930504"
"-122.221705,48.38139"
"2.547345,48.614275"
"1.490725,44.92871"
"-81.770368,28.03705"
"151.256869,-33.893061"
"10.527413,52.263365"
"151.256247,-33.89364"
"-121.437346,38.452508"
"2.581465,48.593527"
"-122.171702,37.725617"
"1.534203,44.952824"
"-81.770264,28.034997"
"151.25725,-33.893409"
"11.749679,42.465971"
"10.526729,52.261575"
"151.260211,-33.893191"
"-3.588863,50.413763"
"10.018587,53.54871"
"150.815141,-34.031732"
"151.074593,-33.704606"
"10.018416,53.548608"
"150.816622,-34.032737"
"150.816622,-34.032737"
"10.52708,52.262983"
"10.018158,53.548926"
"10.018587,53.548366"
"-82.174816,33.416523"
"10.022117,53.549277"
"10.527295,52.262159"
"10.021838,53.54848"
"-96.979376,37.690774"
"10.022825,53.547365"
"-96.975825,37.690485"
"-111.787692,33.423079"
"-96.977745,37.694543"
"-111.78861,33.423338"
"10.023297,53.547741"
"-111.789026,33.422173"
"-82.140194,33.41419"
"-96.977756,37.693253"
"145.06927,-37.799001"
"145.074699,-37.802282"
"-82.139207,33.415543"
"145.074892,-37.801934"
"-82.139652,33.415547"
"-82.138644,33.41556"
"145.073744,-37.795381"
"-82.137775,33.415005"
"-82.138011,33.415059"
"145.06699,-37.80488"
"-82.137968,33.415265"
"-82.138091,33.415417"
"-82.138268,33.415144"
"-96.979698,37.692107"
"-118.253278,34.233182"
"2.298482,48.839378"
"-97.438602,27.788669"
"2.299801,48.841383"
"14.387289,42.225284"
"4.803954,52.470874"
"-97.436183,27.788019"
"-96.982391,37.688448"
"-2.319589,53.417477"
"-96.985427,37.684474"
"-117.965097,33.643706"
"-8.998704,53.725027"
"176.159635,-37.702973"
"176.157038,-37.701004"
"14.962346,46.139372"
"-88.446553,43.78678"
"4.444943,52.242077"
"-0.553828,51.5017"
"-8.955161,53.668095"
"5.445252,52.137464"
"-0.547095,51.500438"
"146.931346,-36.062789"
"-118.56087,34.193674"
"-118.168027,33.832774"
"-0.557838,51.512662"
"-9.124974,38.740534"
"5.860994,51.819136"
"-118.5625,34.189973"
"-118.168333,33.833056"
"-118.553751,34.187639"
"5.860455,51.819811"
"146.932792,-36.058399"
"-8.949469,53.668627"
"-117.615584,33.667238"
"115.748574,-31.796628"
"-93.408667,44.817066"
"146.936985,-36.048527"
"-111.871926,40.563456"
"152.948758,-27.100565"
"-112.099868,33.751257"
"152.949686,-27.100885"
"-117.85242,33.84703"
"152.948737,-27.101826"
"-119.884478,36.844075"
"-1.52296,53.793316"
"-1.522687,53.793404"
"-118.231372,34.219066"
"-8.990129,53.724967"
"5.819804,51.809298"
"115.753257,-31.797091"
"152.92928,-27.10748"
"146.915922,-36.069604"
"-122.803073,45.396405"
"-1.527045,53.792451"
"-122.034298,37.692052"
"115.752224,-31.798511"
"-1.526491,53.792009"
"-8.999063,53.719468"
"0.681842,47.421827"
"146.902814,-36.066378"
"15.324764,52.79477"
"-8.996596,53.719555"
"5.002229,51.162657"
"-111.886675,40.658406"
"115.750631,-31.798992"
"0.681907,47.421679"
"22.497039,60.434907"
"0.682237,47.421561"
"-122.80673,45.398939"
"0.683407,47.421348"
"-117.579052,33.917787"
"-9.258454,38.75735"
"39.709386,54.60186"
"39.712073,54.610333"
"-118.238075,34.214327"
"-118.23845,34.214714"
"-3.221566,51.645978"
"-118.23869,34.21485"
"4.993729,51.163119"
"0.673898,51.24301"
"5.176497,51.706884"
"0.663155,47.417053"
"39.709091,54.595822"
"10.57462,52.276561"
"10.572517,52.280132"
"4.859865,52.334585"
"10.573633,52.280499"
"-119.880924,36.835531"
"0.672573,51.244768"
"10.577774,52.276114"
"10.579512,52.275904"
"4.860281,52.334928"
"-3.222409,51.643675"
"-118.240941,34.217037"
"-119.875774,36.832654"
"-119.874954,36.833676"
"4.861898,52.334854"
"0.645801,47.398622"
"-83.704178,41.673836"
"4.860748,52.335455"
"-0.972429,51.468579"
"29.227881,40.99765"
"29.228793,40.997423"
"29.227066,40.997723"
"18.065118,59.325008"
"-4.244789,55.862651"
"-28.6266,38.532553"
"29.227286,40.99895"
"13.843138,46.601749"
"-0.972633,51.467597"
"29.024291,40.992759"
"29.036093,40.990848"
"-4.24348,55.862133"
"29.024978,40.989115"
"29.02251,40.991204"
"29.02487,40.98513"
"-4.246382,55.861402"
"-75.256576,39.959457"
"-0.163784,51.512912"
"-28.626519,38.532876"
"29.022467,40.983494"
"23.818134,38.001092"
"-121.652553,37.150667"
"-118.366691,34.229484"
"-6.713336,42.523256"
"23.748472,37.895134"
"18.0731,59.320399"
"23.818139,38.001093"
"174.93014,-41.207664"
"-75.257099,39.9592"
"174.697208,-36.729942"
"7.335496,44.919644"
"-75.258162,39.96163"
"174.688926,-36.73888"
"-75.258587,39.960984"
"23.813387,38.002301"
"-121.65642,37.148155"
"-0.164146,51.514745"
"-75.261538,39.961662"
"-75.263375,39.961439"
"-121.656144,37.147821"
"-75.263168,39.96092"
"138.559255,-35.093177"
"-75.25936,39.958874"
"-87.692895,41.820943"
"-121.962471,37.237623"
"-121.65734,37.149553"
"174.832628,-36.896491"
"-4.246441,55.861224"
"-87.212654,30.488673"
"138.566161,-35.097139"
"174.833615,-36.889712"
"34.170935,44.498258"
"34.170774,44.497875"
"-3.050334,52.345034"
"138.567188,-35.096547"
"-121.634445,37.145976"
"34.171525,44.497791"
"92.863199,56.016052"
"4.300637,50.851395"
"-93.473026,44.730737"
"145.064185,-37.670565"
"-93.457775,44.799515"
"-28.626004,38.532313"
"-117.720002,33.59047"
"-122.296414,47.887917"
"-93.417731,44.77931"
"34.142997,44.484382"
"-87.758035,42.040433"
"145.063906,-37.666005"
"34.142772,44.484152"
"145.06352,-37.665121"
"-28.626707,38.53131"
"-122.298506,47.892795"
"145.058584,-37.665597"
"-122.296607,47.892881"
"-28.626047,38.531835"
"-87.758942,42.04943"
"-93.242215,44.854865"
"-93.250668,44.86091"
"-28.625736,38.531587"
"-66.987435,15.928649"
"145.297955,-38.112258"
"-28.625763,38.531063"
"-28.626096,38.531172"
"-74.176587,40.427676"
"-158.023583,21.398717"
"-28.626755,38.53113"
"-9.002046,53.720488"
"-28.626053,38.534873"
"-28.626101,38.534483"
"-28.625441,38.534286"
"-28.625162,38.534168"
"-28.624883,38.533572"
"100.476746,13.805901"
"-28.624765,38.533211"
"-117.721106,33.593108"
"-28.624733,38.532112"
"-28.624771,38.532691"
"145.059121,-37.668858"
"-122.166735,48.166729"
"-117.721405,33.593044"
"145.069828,-37.67465"
"145.061835,-37.666022"
"-74.158444,40.371888"
"-122.163602,48.167631"
"151.594234,-33.013589"
"25.021164,60.314977"
"145.06882,-37.66823"
"-28.626112,38.534"
"-117.719088,33.592753"
"-85.593706,42.284258"
"39.78449,21.475732"
"-4.023668,55.845845"
"-6.389175,54.005869"
"39.787628,21.479551"
"39.795184,21.47847"
"39.793642,21.478868"
"39.79411,21.494853"
"-6.374656,54.006344"
"39.80043,21.441575"
"26.04602,44.444923"
"-117.716023,33.595091"
"39.78626,21.441106"
"-80.296079,36.071276"
"26.046342,44.444862"
"-28.626417,38.534009"
"10.371094,60.097718"
"151.235577,-33.92098"
"26.046252,44.445156"
"2.104701,48.719377"
"10.496374,59.875252"
"-28.626535,38.534588"
"-8.956636,53.671354"
"39.780153,21.470642"
"-0.180716,50.829503"
"39.778808,21.470571"
"-85.594811,42.281936"
"-28.627067,38.534231"
"39.781741,21.472554"
"39.783471,21.470829"
"39.783248,21.471566"
"39.792062,21.476433"
"-0.145462,50.823716"
"-3.680892,51.533817"
"11.61831,52.133488"
"39.793848,21.478042"
"39.788446,21.486137"
"-0.137007,50.822048"
"39.787288,21.476393"
"5.932666,52.197241"
"-117.71423,33.590127"
"-0.08553,50.862027"
"153.042507,-27.483251"
"-3.678097,51.536413"
"11.618782,52.133506"
"-105.091299,39.631606"
"-0.141465,50.828592"
"-86.854488,39.637431"
"25.032928,60.309711"
"5.928556,52.198283"
"-8.959662,53.671847"
"153.044218,-27.483675"
"145.705297,15.125009"
"11.617114,52.13492"
"0.720978,45.190748"
"-105.099431,39.629218"
"-0.150096,50.842546"
"153.045505,-27.483475"
"-0.13308,50.831082"
"3.913719,43.619285"
"145.707979,15.123906"
"4.903889,52.083943"
"10.495427,59.882057"
"-86.865227,39.647733"
"153.04587,-27.483903"
"77.546248,12.912082"
"-28.627158,38.534059"
"4.906164,52.074242"
"-105.094442,39.634919"
"-86.853522,39.638439"
"172.572389,-43.517927"
"153.040758,-27.482656"
"4.900925,52.076622"
"172.573403,-43.516782"
"39.780507,21.477531"
"14.532144,50.031225"
"-117.805104,34.006312"
"153.040916,-27.481904"
"4.913732,52.077074"
"-28.626734,38.530169"
"-8.955789,53.667817"
"141.468026,-31.956982"
"-117.814856,34.010666"
"121.606979,31.16816"
"151.03644,-33.755365"
"-117.81447,34.009194"
"-117.82544,33.995839"
"5.047982,47.341767"
"-96.536455,32.954124"
"9.123116,48.811018"
"-117.821165,33.991329"
"-157.797435,21.283326"
"39.793521,21.485557"
"2.363756,48.872012"
"153.040715,-27.481609"
"2.363756,48.872534"
"-117.869402,33.986352"
"4.910146,52.07992"
"-84.225492,34.084249"
"10.42551,55.369643"
"145.705512,15.126205"
"145.704884,15.126676"
"-119.065989,35.328068"
"39.792738,21.485778"
"-87.203998,30.411615"
"-118.410773,33.921221"
"-118.410902,33.921978"
"-118.412801,33.921658"
"-118.412876,33.922156"
"-87.204363,30.412829"
"-118.411621,33.921756"
"-87.202805,30.413317"
"-122.501621,37.75856"
"-118.412286,33.921141"
"-118.409979,33.925245"
"-87.203446,30.4131"
"-87.203754,30.413146"
"-118.411363,33.924952"
"-118.403284,33.923919"
"39.789627,21.391365"
"-87.202228,30.412006"
"39.804457,21.433396"
"-117.27765,32.836757"
"39.803718,21.441947"
"39.807879,21.441953"
"-86.841559,39.645536"
"39.811261,21.442074"
"9.121077,48.80757"
"39.808142,21.446173"
"-87.200943,30.416891"
"-86.835819,39.645932"
"-84.143514,41.571934"
"4.954193,52.297655"
"-0.103984,51.526508"
"9.123545,48.814794"
"-86.828717,39.645164"
"-0.104134,51.526949"
"-87.202992,30.412401"
"173.946646,-41.506508"
"-84.098852,9.928951"
"-86.829307,39.647733"
"173.949773,-41.507195"
"11.73534,48.32933"
"7.111555,43.722335"
"-95.118313,32.145271"
"11.555349,48.317692"
"-97.305606,32.898882"
"-8.995555,53.723393"
"-97.300329,32.900588"
"174.809183,-36.898069"
"11.560733,48.310568"
"11.56011,48.310693"
"174.808275,-36.89711"
"-94.966866,38.496925"
"174.808367,-36.897525"
"-87.20558,30.418154"
"174.80778,-36.902437"
"-87.183786,30.425122"
"174.8076,-36.9019"
"-87.180029,30.425753"
"19.03141,50.255712"
"-86.862749,39.642371"
"-87.209081,30.416511"
"-110.797623,32.11832"
"8.369479,52.609218"
"-95.334584,32.226877"
"-87.181992,30.424939"
"144.988316,-37.857588"
"4.849402,51.947876"
"-110.803578,32.109287"
"-86.864892,39.644887"
"144.988251,-37.858464"
"4.85041,51.947664"
"-80.968625,39.283727"
"-117.820321,33.676914"
"4.850088,51.948795"
"144.990901,-37.857151"
"4.849691,51.949403"
"79.884231,6.862541"
"-87.206828,30.420927"
"-28.626645,38.529598"
"-80.969969,39.284626"
"144.992178,-37.857922"
"4.829302,51.924697"
"-85.671387,35.764344"
"-80.969426,39.284831"
"-28.627193,38.530175"
"-1.891789,52.444014"
"-1.889026,52.445819"
"151.221137,-33.870839"
"-80.968825,39.284979"
"-1.888323,52.446669"
"-117.975966,33.931762"
"4.47157,51.855783"
"-87.61889,45.125276"
"-1.886913,52.446257"
"-1.886381,52.44613"
"-0.143624,50.823727"
"-28.626391,38.529174"
"-1.887921,52.447114"
"-80.971804,39.284522"
"3.651838,49.567143"
"-1.888205,52.447608"
"4.472838,51.856099"
"151.22505,-33.872879"
"-1.888168,52.448183"
"3.680012,49.564095"
"-1.89291,52.437801"
"-1.893923,52.432287"
"-80.966575,39.285463"
"151.221678,-33.869551"
"-122.147938,37.402513"
"-87.622742,45.128187"
"151.221853,-33.870932"
"-2.37221,53.301682"
"7.905323,48.896698"
"-2.09763,57.145684"
"4.786488,52.355446"
"-121.252713,37.968667"
"151.22156,-33.871484"
"-121.252123,37.969111"
"-121.252139,37.968709"
"174.715415,-36.853269"
"-121.252697,37.96903"
"-110.781723,32.214653"
"-121.252504,37.969022"
"47.953616,29.333312"
"-28.627158,38.528213"
"-122.514725,45.616859"
"7.910532,48.895626"
"151.220356,-33.869353"
"-110.781391,32.21498"
"5.485439,51.523898"
"-110.781122,32.214217"
"7.911857,48.894994"
"-28.627796,38.52873"
"151.152735,-33.737402"
"-122.510428,45.616589"
"-87.618231,45.120007"
"-86.861225,39.638901"
"7.912731,48.894931"
"-122.509543,45.616338"
"-94.856998,38.883166"
"151.152799,-33.736403"
"-110.78123,32.2136"
"-28.627088,38.527953"
"-78.846557,38.452568"
"-87.615157,45.125787"
"-94.865913,38.883375"
"-28.627769,38.530992"
"11.404227,44.890996"
"-122.150094,37.407234"
"151.201374,-33.881243"
"-90.754071,38.750009"
"-28.621294,38.533832"
"7.913724,48.899886"
"28.121806,-26.176187"
"151.198955,-33.882374"
"2.968218,42.266282"
"2.968165,42.265107"
"2.960848,42.25715"
"2.96236,42.258072"
"2.962028,42.258453"
"151.200446,-33.881194"
"2.961867,42.2585"
"2.963176,42.25935"
"2.967725,42.258302"
"-116.92502,32.745033"
"2.332284,48.889128"
"-116.924229,32.745098"
"-157.857573,21.326058"
"138.626851,-35.044069"
"-116.921911,32.745299"
"8.599697,49.542438"
"151.20095,-33.882369"
"-115.333818,36.124292"
"-71.347766,42.285565"
"115.890473,-31.880534"
"-157.858402,21.325216"
"-1.230051,51.745342"
"-9.22519,53.710361"
"151.200028,-33.884471"
"1.966585,41.445445"
"-2.404064,51.374613"
"151.200542,-33.883331"
"-112.261804,33.604913"
"-9.226541,53.711815"
"-112.261804,33.604913"
"11.13732,43.862505"
"2.203188,41.461744"
"151.198386,-33.884409"
"1.967669,41.446442"
"11.136044,43.862586"
"-115.334108,36.123724"
"-117.770001,34.033668"
"151.080551,-33.400492"
"-2.395365,51.375005"
"8.035619,52.271486"
"11.139278,43.861948"
"-0.145343,51.516434"
"151.10272,-33.938266"
"16.051793,48.326936"
"-0.483997,51.211493"
"11.335343,55.401398"
"1.967258,41.446922"
"153.007563,-27.444825"
"-110.996492,29.066672"
"-1.231402,51.745891"
"153.403344,-28.00486"
"11.335137,55.394313"
"12.382795,51.320815"
"1.28907,51.157197"
"151.099584,-33.781109"
"11.332984,55.393356"
"-8.701676,42.393101"
"-5.881115,42.46354"
"-0.484962,51.210582"
"151.102744,-33.937964"
"-122.82535,45.403283"
"11.337261,55.39467"
"1.967041,41.449023"
"16.400375,48.221996"
"151.102497,-33.937496"
"-5.880872,42.466086"
"151.10424,-33.779682"
"11.342123,55.389684"
"-93.323659,44.896227"
"153.396234,-28.006063"
"-122.822024,45.51431"
"151.172648,-33.850887"
"-110.98945,29.070119"
"-81.478043,28.33264"
"-1.449423,52.915055"
"11.354046,55.39163"
"-5.881568,42.466308"
"151.104176,-33.939548"
"4.366899,48.976705"
"153.392251,-28.009582"
"-122.822155,45.514397"
"11.354037,55.391378"
"16.396392,48.219251"
"-73.495826,40.739555"
"152.987162,-27.629437"
"153.008287,-27.445939"
"11.340202,55.396937"
"-0.975037,45.94171"
"151.102535,-33.9402"
"152.986636,-27.637221"
"-115.335352,36.126584"
"152.996367,-27.631794"
"1.970399,41.448163"
"-0.964265,45.937995"
"-0.128392,51.508002"
"11.607426,48.515169"
"148.58732,-32.235746"
"-117.211539,32.869094"
"6.058424,50.779383"
"-0.964436,45.938337"
"150.749744,-33.772782"
"-0.127696,51.508116"
"153.010116,-27.448076"
"-0.964485,45.937465"
"152.985123,-27.619475"
"11.341647,55.397428"
"4.366282,48.976133"
"-73.49478,40.738543"
"151.102924,-33.94"
"-117.212432,32.869732"
"11.340855,55.39794"
"1.969212,41.448477"
"-110.993709,29.067231"
"150.943372,-33.695602"
"-6.90068,52.295817"
"-73.495215,40.737649"
"11.342206,55.39853"
"150.745575,-33.764878"
"-157.766888,21.443954"
"-117.211802,32.870103"
"1.969573,41.448723"
"11.601219,48.514252"
"9.781244,52.415459"
"151.108124,-33.937663"
"7.608542,43.790128"
"11.336796,55.394671"
"-122.825299,45.403258"
"-5.880509,42.467207"
"151.023903,-33.811958"
"152.916454,-27.672982"
"-0.350221,43.305042"
"11.337461,55.394389"
"9.781469,52.419775"
"-73.498862,40.736003"
"-5.880946,42.464963"
"7.608429,43.789236"
"-116.414274,43.503357"
"4.367704,48.975811"
"151.100453,-33.938429"
"150.763149,-33.76445"
"9.767522,52.418937"
"-76.607102,44.248398"
"2.497201,49.341077"
"7.608043,43.789561"
"3.050573,50.579494"
"150.871629,-33.791916"
"11.334797,55.3995"
"150.763546,-33.764691"
"-3.75336,40.393949"
"3.476811,43.308803"
"-76.597318,44.251491"
"-5.880519,42.465306"
"151.101301,-33.942212"
"-3.755538,40.394264"
"-3.755479,40.394092"
"-116.41967,43.500839"
"-0.348998,43.30072"
"7.607861,43.789696"
"4.38479,51.92129"
"-122.098271,47.631409"
"4.027797,50.144227"
"-3.745437,40.394223"
"6.893763,52.247292"
"-5.882006,42.464589"
"-122.093997,47.631867"
"150.698353,-33.748059"
"-116.419826,43.502647"
"151.10078,-33.942764"
"7.607968,43.788469"
"4.023708,50.164105"
"150.69868,-33.749246"
"152.281693,-27.576034"
"-5.881503,42.46389"
"4.030752,50.165739"
"150.768626,-33.769395"
"7.607834,43.788256"
"-3.752056,40.39272"
"6.891472,52.225578"
"-0.347475,43.299018"
"12.312069,58.352185"
"151.100947,-33.942732"
"150.705192,-33.748982"
"7.608531,43.788089"
"3.927958,50.12285"
"-3.755522,40.393553"
"1.171476,51.085787"
"3.932999,50.120817"
"-1.294627,50.932253"
"150.706083,-33.750044"
"-3.755565,40.393234"
"3.947354,50.118015"
"7.609153,43.787977"
"6.891512,52.227274"
"-86.357871,30.376087"
"-0.352281,43.302801"
"-3.755554,40.392654"
"11.332259,55.392874"
"2.44132,48.862333"
"4.360338,48.977788"
"-86.358445,30.37586"
"6.891797,52.228358"
"2.441089,48.862197"
"-3.754084,40.391821"
"150.904775,-33.77134"
"2.441202,48.862495"
"11.295276,44.69208"
"3.932687,50.12192"
"7.608585,43.791071"
"-3.754599,40.391232"
"3.925215,50.121052"
"150.906615,-33.769471"
"-86.357952,30.375041"
"3.931373,50.122029"
"151.102288,-33.9415"
"7.603837,43.789266"
"152.26859,-27.56972"
"-86.357587,30.373505"
"-3.751627,40.391682"
"-86.358472,30.373704"
"-3.752131,40.39169"
"11.329933,55.391806"
"1.965126,41.447174"
"7.607389,43.789894"
"4.027539,50.14345"
"4.029656,50.143147"
"-0.306233,51.600087"
"7.605693,43.789143"
"4.033391,50.145999"
"11.303827,44.711461"
"11.329583,55.389341"
"11.328643,55.389282"
"1.964428,41.447938"
"4.358847,48.975802"
"11.329297,55.389391"
"-0.304774,51.60148"
"7.605221,43.788902"
"11.326949,55.38903"
"10.846784,59.9443"
"-8.490908,51.892908"
"11.326186,55.38838"
"11.325841,55.388249"
"-0.303765,51.599927"
"11.324686,55.387755"
"7.605331,43.78995"
"151.100341,-33.937975"
"11.298422,44.679387"
"11.325349,55.387801"
"-4.127335,53.226135"
"11.325539,55.387727"
"-0.304162,51.597021"
"-0.342003,43.301657"
"138.590233,-35.00131"
"-81.714741,26.183667"
"11.324993,55.387102"
"152.278029,-27.557479"
"11.325307,55.386987"
"7.604803,43.789456"
"152.952132,-26.958033"
"-4.127029,53.226093"
"-8.49153,51.893431"
"11.326934,55.386637"
"151.098876,-33.937881"
"152.957475,-26.956866"
"152.957926,-26.956483"
"-4.125849,53.22643"
"7.603448,43.792475"
"1.972086,41.44914"
"-118.083184,33.868474"
"6.847363,52.23508"
"-4.125076,53.226828"
"144.31808,-38.198386"
"12.327808,58.352109"
"-81.471734,41.030813"
"6.912004,52.778548"
"152.27636,-27.558887"
"7.604989,43.792927"
"-0.729078,52.403486"
"-4.124808,53.227349"
"153.023908,-27.509661"
"-86.357988,30.37601"
"151.099831,-33.935794"
"6.847991,52.236555"
"7.605134,43.793027"
"153.023372,-27.509566"
"-1.226231,51.769042"
"17.586236,59.849401"
"151.097814,-33.935491"
"144.320258,-38.196936"
"7.607437,43.791847"
"153.024101,-27.507472"
"11.330244,55.386543"
"0.750836,52.414226"
"-1.218817,51.766519"
"6.888634,52.220228"
"73.839315,15.456958"
"-88.637695,29.496988"
"11.330397,55.388717"
"6.889365,52.21976"
"1.972474,41.448161"
"153.027127,-27.509299"
"-86.362839,30.332583"
"144.320773,-38.196893"
"151.097685,-33.934646"
"7.610012,43.791334"
"153.027921,-27.511373"
"6.898569,52.235863"
"153.027856,-27.509661"
"-86.357485,30.374449"
"-3.26516,56.54367"
"7.610714,43.791081"
"151.351401,-23.940472"
"153.025432,-27.507948"
"-1.301333,50.930332"
"153.026333,-27.507206"
"6.88743,52.220061"
"-2.432131,53.088547"
"1.973001,41.44674"
"-97.695644,30.404471"
"10.986081,52.439269"
"-1.30276,50.930569"
"6.888632,52.219236"
"2.443055,48.862537"
"11.336343,55.395352"
"-1.304787,50.931245"
"7.126133,50.99113"
"11.340972,55.395657"
"151.349469,-23.93782"
"-1.295646,50.930698"
"11.346601,55.39772"
"-2.432624,53.088473"
"7.126232,50.991046"
"11.34964,55.401905"
"-1.302309,50.925639"
"11.348319,55.403246"
"-2.432705,53.090049"
"11.351951,55.401619"
"4.311587,43.8276"
"-119.120393,35.302689"
"-3.252522,56.550725"
"6.427018,49.368761"
"11.086014,49.425366"
"144.928122,-37.678488"
"-2.47202,53.106064"
"144.929516,-37.680288"
"3.73502,51.030997"
"150.69765,-33.724384"
"-117.288301,33.204667"
"-97.705268,30.404157"
"-2.462751,53.102186"
"-2.371153,53.304137"
"11.085421,49.425271"
"151.668271,-32.99945"
"-0.317209,51.6005"
"1.965662,41.450415"
"-2.371765,53.304628"
"166.816406,-22.471954"
"150.696148,-33.724723"
"8.57307,50.135792"
"-105.249023,33.687782"
"11.084712,49.424268"
"-2.369624,53.304644"
"4.373693,51.99919"
"-117.290232,33.207777"
"1.966623,41.45113"
"-86.359019,30.37481"
"-86.358579,30.374652"
"120.978152,14.590467"
"2.749972,39.441198"
"1.966612,41.451134"
"152.270562,-27.569907"
"145.12311,-38.15699"
"-81.002841,29.127778"
"151.02753,-34.058034"
"138.699399,-34.815398"
"-111.788773,43.817923"
"152.666016,-28.844674"
"2.749972,39.441198"
"-111.78742,43.817906"
"16.346841,48.153232"
"151.034559,-34.056475"
"2.754532,39.440991"
"11.088853,49.424817"
"152.270985,-27.570145"
"-75.809784,40.395718"
"-94.210545,36.070945"
"-121.353419,38.408856"
"1.976042,41.450604"
"13.335074,52.50482"
"-94.210942,36.078842"
"151.149586,-33.735993"
"144.738543,-37.854186"
"150.871751,-34.438784"
"-121.348527,38.408768"
"9.186555,45.46188"
"150.871511,-34.438687"
"-86.1054,39.956119"
"151.668223,-32.999504"
"151.052399,-33.741903"
"151.010334,-33.905313"
"9.186958,45.462554"
"151.058368,-34.031798"
"151.152413,-33.739419"
"29.007685,41.156944"
"12.074449,41.949943"
"151.057343,-34.031517"
"9.187687,45.462922"
"-80.532723,43.47132"
"151.050661,-33.73825"
"151.156211,-33.738254"
"145.141352,-38.159491"
"9.187285,45.463336"
"7.124977,50.991407"
"12.074545,41.950324"
"151.02456,-33.907292"
"151.053788,-34.041792"
"12.074137,41.950085"
"144.935863,-37.684416"
"151.051229,-33.737924"
"106.828587,-6.300753"
"23.887904,54.934601"
"9.187548,45.461839"
"7.127402,50.990995"
"-80.532564,43.471336"
"151.051251,-33.744544"
"12.074428,41.949414"
"-2.436122,53.089179"
"23.888451,54.932893"
"12.07695,41.949272"
"7.128807,50.991333"
"3.270265,50.799573"
